{
  "mist": {
    "1": [
      0.30252928130811635,
      0.22306105669806986
    ],
    "2": [
      0.1322333551745359,
      0.2859548297810931
    ],
    "3": [
      0.20314682606809578,
      0.32998048626367465
    ],
    "4": [
      0.25439093140815955,
      0.5333369732587204
    ],
    "5": [
      0.11929293722706064,
      0.6402564247164185
    ],
    "6": [
      0.32944533118026037,
      0.596230768233837
    ],
    "7": [
      0.3480794422178035,
      0.42501993056178267
    ],
    "8": [
      0.38534792374095045,
      0.2726772313822633
    ],
    "9": [
      0.5799718810191951,
      0.2524114359742087
    ],
    "10": [
      0.6172401679562965,
      0.19161420299469825
    ],
    "11": [
      0.49042409639429463,
      0.3893801280039455
    ],
    "12": [
      0.5711723108727418,
      0.4145376459939921
    ],
    "13": [
      0.6110288516621281,
      0.5081794552686738
    ],
    "14": [
      0.6979883824347436,
      0.38239195288681405
    ],
    "15": [
      0.7813247210414452,
      0.2684843044198911
    ],
    "16": [
      0.7647609730962739,
      0.4285140837966284
    ],
    "17": [
      0.6964355857922091,
      0.4851184554900466
    ],
    "18": [
      0.6560615109839931,
      0.5752661990982559
    ],
    "19": [
      0.5489147157902166,
      0.7073430371934406
    ],
    "20": [
      0.606370267148479,
      0.7429829711038379
    ],
    "21": [
      0.6482972683232598,
      0.7974908683700234
    ],
    "22": [
      0.7828775825459949,
      0.7723332628116033
    ],
    "23": [
      0.7683843598482333,
      0.6654139427064653
    ],
    "24": [
      0.827392578125,
      0.5920378631635581
    ],
    "25": [
      0.8869184601446267,
      0.6675103733495112
    ],
    "26": [
      0.8475796479601155,
      0.7723332628116033
    ],
    "28": [
      0.9547261188438164,
      0.6968607526256501
    ],
    "29": [
      0.91797556051159,
      0.8184554375056043
    ],
    "30": [
      0.7828775825459949,
      0.877156196057882
    ]
  },
  "mist-sub": {
    "1": [
      0.7801477768841911,
      0.34376809354656984
    ],
    "2": [
      0.7079808852251839,
      0.17374951587537557
    ],
    "3": [
      0.6718975050719602,
      0.24931333156962004
    ],
    "4": [
      0.4533921273230138,
      0.2996892188869241
    ],
    "5": [
      0.3661904465006277,
      0.16745251849942883
    ],
    "6": [
      0.4143017367960904,
      0.3654577324971833
    ],
    "7": [
      0.5796840235355766,
      0.3668570482677141
    ],
    "8": [
      0.7430620453450054,
      0.4186322819189722
    ],
    "9": [
      0.755089736566311,
      0.6054428322170756
    ],
    "10": [
      0.8062080372354734,
      0.64112575112669
    ],
    "11": [
      0.6077488990904097,
      0.52148296908253
    ],
    "12": [
      0.5836934290794252,
      0.5865518859343704
    ],
    "13": [
      0.4964917482570391,
      0.64112575112669
    ],
    "14": [
      0.6197769843693957,
      0.7229865183517463
    ],
    "15": [
      0.7340411455764662,
      0.7943523561709752
    ],
    "16": [
      0.5686585085634863,
      0.7775603835440661
    ],
    "17": [
      0.5265614141521701,
      0.7103924930364296
    ],
    "18": [
      0.4153041319662392,
      0.6789075825652542
    ],
    "19": [
      0.29502575298292905,
      0.5739579217459001
    ],
    "20": [
      0.2619493832034052,
      0.6264328132824236
    ],
    "21": [
      0.2078242472972897,
      0.6642147058478343
    ],
    "22": [
      0.21684512517373566,
      0.7901544088593828
    ],
    "23": [
      0.33411614350985247,
      0.7796594794535553
    ],
    "25": [
      0.3311094615175529,
      0.8951041919324298
    ],
    "26": [
      0.2228589926764818,
      0.8573221771133263
    ],
    "27": [
      0.4032762218240002,
      0.9328860844978405
    ],
    "28": [
      0.30404680599612177,
      0.9622719601863733
    ],
    "29": [
      0.17775472370076556,
      0.9244900676209626
    ],
    "30": [
      0.12362957684860339,
      0.7922533213883325
    ]
  },
  "goblet": {
    "1": [
      0.3514347755104486,
      0.22306106472868634
    ],
    "2": [
      0.3140586618996837,
      0.32928166451818436
    ],
    "3": [
      0.26360084206048695,
      0.37190963839631364
    ],
    "4": [
      0.22435589187715682,
      0.18113186567796155
    ],
    "6": [
      0.3302549771736005,
      0.423622294122075
    ],
    "7": [
      0.2368146276181461,
      0.44458688314586203
    ],
    "9": [
      0.06550730137737251,
      0.41383881644388765
    ],
    "11": [
      0.08980178364946799,
      0.6144000878435779
    ],
    "12": [
      0.12344035517218654,
      0.6717033202452899
    ],
    "13": [
      0.22809337779788152,
      0.6710043773926789
    ],
    "15": [
      0.44238337417321705,
      0.501890115547574
    ],
    "17": [
      0.6068383714172738,
      0.5354334915906744
    ],
    "18": [
      0.6087070956551955,
      0.6465457042003613
    ],
    "19": [
      0.5252337683929256,
      0.7066442879495011
    ],
    "20": [
      0.45235030285419864,
      0.7681404213534497
    ],
    "21": [
      0.6560501941142638,
      0.3488485988714083
    ],
    "22": [
      0.7208355300996933,
      0.5158664942279981
    ],
    "23": [
      0.7569656465682515,
      0.42991168763173176
    ],
    "24": [
      0.8348328011167562,
      0.5158664942279981
    ],
    "25": [
      0.8068006644219708,
      0.5668802911137517
    ],
    "26": [
      0.7943420035707439,
      0.6821856147571834
    ],
    "27": [
      0.7719161893692484,
      0.748573465997075
    ],
    "28": [
      0.6909345942772239,
      0.7828155748612784
    ],
    "29": [
      0.8952575309144939,
      0.6402563947033079
    ],
    "30": [
      0.8952575309144939,
      0.734596961297746
    ],
    "apart": [
      0.2480274036618098,
      0.8051778815650809
    ]
  },
  "goblet-sub": {
    "1": [
      0.7882560522341678,
      0.3459952325177339
    ],
    "2": [
      0.6832910019953768,
      0.32082822834787195
    ],
    "3": [
      0.6403508316114576,
      0.26839693221577837
    ],
    "4": [
      0.8359673999858251,
      0.23274371375335506
    ],
    "6": [
      0.5807116895144583,
      0.3306153841545245
    ],
    "7": [
      0.5640127603939507,
      0.23414184944761313
    ],
    "8": [
      0.4685900222980635,
      0.18800236052530675
    ],
    "9": [
      0.5926395264523726,
      0.06706094566298408
    ],
    "10": [
      0.4685900222980635,
      0.07754720208103671
    ],
    "12": [
      0.33022707122568473,
      0.12158946405890529
    ],
    "13": [
      0.34454051814375436,
      0.2257528667800997
    ],
    "15": [
      0.5115301926819827,
      0.44806140361388036
    ],
    "16": [
      0.5282291643950628,
      0.6493974369727761
    ],
    "17": [
      0.4733611144806568,
      0.6095496803704946
    ],
    "18": [
      0.358853965061824,
      0.6102487763012845
    ],
    "19": [
      0.28013015608644454,
      0.5200670113592791
    ],
    "20": [
      0.23957557438639437,
      0.4529549627947661
    ],
    "21": [
      0.664206590672431,
      0.65848553429352
    ],
    "22": [
      0.49483126356147505,
      0.7318892590107362
    ],
    "23": [
      0.5830972994946135,
      0.7549590502779908
    ],
    "24": [
      0.48767456139872645,
      0.8444416818443251
    ],
    "25": [
      0.44234873844207956,
      0.8094875593126917
    ],
    "26": [
      0.32784158902324667,
      0.7962049612969708
    ],
    "27": [
      0.2586601134870573,
      0.7759315537528758
    ],
    "28": [
      0.21810540400928996,
      0.6962359656585506
    ],
    "29": [
      0.3636250572444173,
      0.8905811894890721
    ],
    "30": [
      0.27058795042497163,
      0.8905811894890721
    ],
    "apart": [
      0.1847075457682746,
      0.24113271514330906
    ]
  }
}
