{
  "mist": {
    "1": [
      0.30252928130811635,
      0.22306105669806986
    ],
    "2": [
      0.1322333551745359,
      0.2859548297810931
    ],
    "3": [
      0.20314682606809578,
      0.32998048626367465
    ],
    "4": [
      0.25439093140815955,
      0.5333369732587204
    ],
    "5": [
      0.11929293722706064,
      0.6402564247164185
    ],
    "6": [
      0.32944533118026037,
      0.596230768233837
    ],
    "7": [
      0.3480794422178035,
      0.42501993056178267
    ],
    "8": [
      0.38534792374095045,
      0.2726772313822633
    ],
    "9": [
      0.5799718810191951,
      0.2524114359742087
    ],
    "10": [
      0.6172401679562965,
      0.19161420299469825
    ],
    "11": [
      0.49042409639429463,
      0.3893801280039455
    ],
    "12": [
      0.5711723108727418,
      0.4145376459939921
    ],
    "13": [
      0.6110288516621281,
      0.5081794552686738
    ],
    "14": [
      0.6979883824347436,
      0.38239195288681405
    ],
    "15": [
      0.7813247210414452,
      0.2684843044198911
    ],
    "16": [
      0.7647609730962739,
      0.4285140837966284
    ],
    "17": [
      0.6964355857922091,
      0.4851184554900466
    ],
    "18": [
      0.6560615109839931,
      0.5752661990982559
    ],
    "19": [
      0.5489147157902166,
      0.7073430371934406
    ],
    "20": [
      0.606370267148479,
      0.7429829711038379
    ],
    "21": [
      0.6482972683232598,
      0.7974908683700234
    ],
    "22": [
      0.7828775825459949,
      0.7723332628116033
    ],
    "23": [
      0.7683843598482333,
      0.6654139427064653
    ],
    "24": [
      0.827392578125,
      0.5920378631635581
    ],
    "25": [
      0.8869184601446267,
      0.6675103733495112
    ],
    "26": [
      0.8475796479601155,
      0.7723332628116033
    ],
    "28": [
      0.9547261188438164,
      0.6968607526256501
    ],
    "29": [
      0.91797556051159,
      0.8184554375056043
    ],
    "30": [
      0.7828775825459949,
      0.877156196057882
    ]
  },
  "mist-sub": {
    "1": [
      0.7801477768841911,
      0.34376809354656984
    ],
    "2": [
      0.7079808852251839,
      0.17374951587537557
    ],
    "3": [
      0.6718975050719602,
      0.24931333156962004
    ],
    "4": [
      0.4533921273230138,
      0.2996892188869241
    ],
    "5": [
      0.3661904465006277,
      0.16745251849942883
    ],
    "6": [
      0.4143017367960904,
      0.3654577324971833
    ],
    "7": [
      0.5796840235355766,
      0.3668570482677141
    ],
    "8": [
      0.7430620453450054,
      0.4186322819189722
    ],
    "9": [
      0.755089736566311,
      0.6054428322170756
    ],
    "10": [
      0.8062080372354734,
      0.64112575112669
    ],
    "11": [
      0.6077488990904097,
      0.52148296908253
    ],
    "12": [
      0.5836934290794252,
      0.5865518859343704
    ],
    "13": [
      0.4964917482570391,
      0.64112575112669
    ],
    "14": [
      0.6197769843693957,
      0.7229865183517463
    ],
    "15": [
      0.7340411455764662,
      0.7943523561709752
    ],
    "16": [
      0.5686585085634863,
      0.7775603835440661
    ],
    "17": [
      0.5265614141521701,
      0.7103924930364296
    ],
    "18": [
      0.4153041319662392,
      0.6789075825652542
    ],
    "19": [
      0.29502575298292905,
      0.5739579217459001
    ],
    "20": [
      0.2619493832034052,
      0.6264328132824236
    ],
    "21": [
      0.2078242472972897,
      0.6642147058478343
    ],
    "22": [
      0.21684512517373566,
      0.7901544088593828
    ],
    "23": [
      0.33411614350985247,
      0.7796594794535553
    ],
    "25": [
      0.3311094615175529,
      0.8951041919324298
    ],
    "26": [
      0.2228589926764818,
      0.8573221771133263
    ],
    "27": [
      0.4032762218240002,
      0.9328860844978405
    ],
    "28": [
      0.30404680599612177,
      0.9622719601863733
    ],
    "29": [
      0.17775472370076556,
      0.9244900676209626
    ],
    "30": [
      0.12362957684860339,
      0.7922533213883325
    ]
  }
}
