{
  "mist": {
    "1": [
      0.30252928130811635,
      0.22306105669806986
    ],
    "2": [
      0.1322333551745359,
      0.2859548297810931
    ],
    "3": [
      0.20314682606809578,
      0.32998048626367465
    ],
    "4": [
      0.25439093140815955,
      0.5333369732587204
    ],
    "5": [
      0.11929293722706064,
      0.6402564247164185
    ],
    "6": [
      0.32944533118026037,
      0.596230768233837
    ],
    "7": [
      0.3480794422178035,
      0.42501993056178267
    ],
    "8": [
      0.38534792374095045,
      0.2726772313822633
    ],
    "9": [
      0.5799718810191951,
      0.2524114359742087
    ],
    "10": [
      0.6172401679562965,
      0.19161420299469825
    ],
    "11": [
      0.49042409639429463,
      0.3893801280039455
    ],
    "12": [
      0.5711723108727418,
      0.4145376459939921
    ],
    "13": [
      0.6110288516621281,
      0.5081794552686738
    ],
    "14": [
      0.6979883824347436,
      0.38239195288681405
    ],
    "15": [
      0.7813247210414452,
      0.2684843044198911
    ],
    "16": [
      0.7647609730962739,
      0.4285140837966284
    ],
    "17": [
      0.6964355857922091,
      0.4851184554900466
    ],
    "18": [
      0.6560615109839931,
      0.5752661990982559
    ],
    "19": [
      0.5489147157902166,
      0.7073430371934406
    ],
    "20": [
      0.606370267148479,
      0.7429829711038379
    ],
    "21": [
      0.6482972683232598,
      0.7974908683700234
    ],
    "22": [
      0.7828775825459949,
      0.7723332628116033
    ],
    "23": [
      0.7683843598482333,
      0.6654139427064653
    ],
    "24": [
      0.827392578125,
      0.5920378631635581
    ],
    "25": [
      0.8869184601446267,
      0.6675103733495112
    ],
    "26": [
      0.8475796479601155,
      0.7723332628116033
    ],
    "28": [
      0.9547261188438164,
      0.6968607526256501
    ],
    "29": [
      0.91797556051159,
      0.8184554375056043
    ],
    "30": [
      0.7828775825459949,
      0.877156196057882
    ]
  }
}
